<!DOCTYPE html PUBLIC "-//W3C//DTD HTML 4.01//EN" "http://www.w3.org/TR/html4/strict.dtd">
<html>
 <head>
  <title>404 Not found</title>
  <style type="text/css">
    <!--
    BODY {font-family:Tahoma,Arial,sans-serif;color:black;background-color:white;font-size:12px;}
    H1 {font-family:Tahoma,Arial,sans-serif;color:white;background-color:#525D76;font-size:22px;}
    PRE, TT {border: 1px dotted #525D76}
    A {color : black;}A.name {color : black;}
    -->
  </style>
 </head>
 <body>
   <h1>404 Not found</h1>
   <p>
    The page you tried to access
    (/host-manager/host-manager.xml)
    does not exist.
   </p>
   <p>
    The Host Manager application has been re-structured for Tomcat 7 onwards and
    some URLs have changed. All URLs used to access the Manager application
    should now start with one of the following options:
   </p>
    <ul>
      <li>/host-manager/html for the HTML GUI</li>
      <li>/host-manager/text for the text interface</li>
    </ul>
   <p>
    Note that the URL for the text interface has changed from
    &quot;/host-manager&quot; to
    &quot;/host-manager/text&quot;.
   </p>
   <p>
    You probably need to adjust the URL you are using to access the Host Manager
    application. However, there is always a chance you have found a bug in the
    Host Manager application. If you are sure you have found a bug, and that the
    bug has not already been reported, please report it to the Apache Tomcat
    team.
   </p>
 </body>
</html>
